Mutation_value,fitness_sums_GA_IRS
1,60480.18641914152
2,61465.95768870113
3,59818.33852910089
4,60672.14382281125
5,58398.70719184929
