Generation,Fitness_Sum_HC_IRS_RA,Fitness_Sum_HC_IRS,Fitness_Sum_GA_IRS_RA,Fitness_Sum_GA_IRS,Fitness_Sum_RS
1,2552893.0276491507,3851693.2315869946,1214272.3167237418,910314.6955419106,2682437.0417589936
2,2424379.158785793,3157664.187511225,1141790.993469626,752202.2140548689,2223985.652594702
3,2152251.8515977357,2794944.6796180704,1089102.0093626068,676169.7267507717,2022872.4560867096
Fitness Improvement(%),68.58315042225131,75.80740213995324,37.914931664987215,0.0,66.57378349701608
