Mutation_value,fitness_sums_GA_IRS
1,42664.41862508647
2,40794.755954359964
3,44841.48717539447
4,42278.66911967768
5,44346.1839876151
