Mutation_value,fitness_sums_GA_IRS
1,64489.05140439681
2,64693.242838719314
3,61412.63777476055
4,66108.36159548067
5,64688.727586078574
