Generation,fitness_sums_HC_IRS_RA,fitness_sums_HC_IRS,fitness_sums_GA_IRS_RA,fitness_sums_GA_IRS,fitness_sums_RS
1,110443.8950652821,138597.6861591442,102323.03222238924,65962.04439457308,175898.24223363082
2,161995.30493208772,129096.1523049544,105400.18910152107,63563.612930311894,175407.58240246313
3,112188.07459840871,128189.12575819853,107228.77523935004,62696.55912433711,181604.2822354479
4,112601.52715601263,127159.81636247042,104078.78519063287,63997.23862494646,164618.88100064202
5,110054.83351266429,133942.14204296417,108240.93148518342,64993.256691662995,183303.1126837559
6,111174.23619865053,124304.82175899862,99961.21139047254,65031.738465395465,168705.30639284052
7,122297.14727134023,124460.45608673299,107782.01519527989,69409.51635353066,170125.2758249179
8,116467.01448101099,122275.10389306264,106011.90143089052,66386.21532325193,171452.24107128734
9,112884.05981779724,123041.23005675737,102736.55432082518,68354.75566070122,170481.9637008172
